TrialNumber,Metric,NormalizationMetric,K,N,MinDistance,MaxDistance,Mean,StandardDeviation
0,1,2,500,1,0.0,2.0,0.0,0.0
1,1,2,500,1,0.0,2.0,0.0,0.0
2,1,2,500,1,0.0,2.0,0.0,0.0
3,1,2,500,1,0.0,2.0,0.0,0.0
4,1,2,500,1,0.0,2.0,0.0,0.0
5,1,2,500,1,0.0,2.0,0.0,0.0
6,1,2,500,1,0.0,2.0,0.0,0.0
7,1,2,500,1,0.0,2.0,0.0,0.0
8,1,2,500,1,0.0,2.0,0.0,0.0
9,1,2,500,1,0.0,2.0,0.0,0.0
0,1,2,500,2,0.00806292219251,2.0,0.00403146109625,0.0041818795900024075
1,1,2,500,2,0.0082849655325,2.0,0.00414248276625,0.0045921012578400006
2,1,2,500,2,0.00780778861712,2.0,0.00390389430856,0.004169497526794381
3,1,2,500,2,0.00803090557056,2.0,0.00401545278528,0.004144783127751848
4,1,2,500,2,0.00800493328397,2.0,0.00400246664199,0.004133746679172403
5,1,2,500,2,0.00798986088234,2.0,0.00399493044117,0.004240441083402226
6,1,2,500,2,0.00769400890925,2.0,0.00384700445462,0.003746151852517706
7,1,2,500,2,0.00762329650294,2.0,0.00381164825147,0.0035557192802628946
8,1,2,500,2,0.00756548084646,2.0,0.00378274042323,0.004584570618499642
9,1,2,500,2,0.00773924291981,2.0,0.0038696214599,0.004096386280494904
0,1,2,500,3,0.0886460626386,2.0,0.0443230313193,0.024281894338801086
1,1,2,500,3,0.0870654795245,2.0,0.0435327397623,0.021822053601726364
2,1,2,500,3,0.0918437388443,2.0,0.0459218694221,0.023591206226531183
3,1,2,500,3,0.0908217632866,2.0,0.0454108816433,0.022788612080217385
4,1,2,500,3,0.0908689495538,2.0,0.0454344747769,0.02297963042815912
5,1,2,500,3,0.0910122916371,2.0,0.0455061458185,0.021868199958789428
6,1,2,500,3,0.0895126564658,2.0,0.0447563282329,0.0232131726828597
7,1,2,500,3,0.0902528026692,2.0,0.0451264013346,0.024531946011406687
8,1,2,500,3,0.0876870460542,2.0,0.0438435230271,0.023774593793100363
9,1,2,500,3,0.0879131702911,2.0,0.0439565851455,0.023364783357857886
0,1,2,500,4,0.196809656711,2.0,0.0984048283557,0.03679090400260223
1,1,2,500,4,0.195535752434,2.0,0.0977678762171,0.03588543140579796
2,1,2,500,4,0.207716511283,2.0,0.103858255642,0.03766307130306859
3,1,2,500,4,0.202114069623,2.0,0.101057034812,0.03739377975404078
4,1,2,500,4,0.199025479916,2.0,0.099512739958,0.03829942110671607
5,1,2,500,4,0.199534740759,2.0,0.0997673703793,0.037867348036247986
6,1,2,500,4,0.203606212793,2.0,0.101803106397,0.03620267093984519
7,1,2,500,4,0.199920861642,2.0,0.0999604308209,0.03829228070007558
8,1,2,500,4,0.200787051929,2.0,0.100393525964,0.038022781940303466
9,1,2,500,4,0.201604511933,2.0,0.100802255966,0.03680881298569992
0,1,2,500,5,0.294125599938,2.0,0.147062799969,0.04450085065600018
1,1,2,500,5,0.302886972992,2.0,0.151443486496,0.046114972473150245
2,1,2,500,5,0.310965635423,2.0,0.155482817712,0.0449887493372429
3,1,2,500,5,0.303568767526,2.0,0.151784383763,0.04731880625701295
4,1,2,500,5,0.293503441361,2.0,0.146751720681,0.04414470102005679
5,1,2,500,5,0.310017987172,2.0,0.155008993586,0.04349743489162858
6,1,2,500,5,0.300347409334,2.0,0.150173704667,0.04681818494992245
7,1,2,500,5,0.30012986285,2.0,0.150064931425,0.04138870106249528
8,1,2,500,5,0.299807709131,2.0,0.149903854565,0.04331077388830829
9,1,2,500,5,0.307233482642,2.0,0.153616741321,0.04478051075039425
0,1,2,500,6,0.378985156739,2.0,0.189492578369,0.04865134621643328
1,1,2,500,6,0.38359168983,2.0,0.191795844915,0.04777429376065903
2,1,2,500,6,0.377345020317,2.0,0.188672510158,0.045845166206115666
3,1,2,500,6,0.3862465818,2.0,0.1931232909,0.04442434067295791
4,1,2,500,6,0.395440708668,2.0,0.197720354334,0.048868196915811485
5,1,2,500,6,0.378450245754,2.0,0.189225122877,0.04940210360476948
6,1,2,500,6,0.38294923568,2.0,0.19147461784,0.048439875504048824
7,1,2,500,6,0.382090401963,2.0,0.191045200981,0.04745761571308606
8,1,2,500,6,0.377869682349,2.0,0.188934841175,0.04724306178988519
9,1,2,500,6,0.387772066256,2.0,0.193886033128,0.04699291110361567
0,1,2,500,7,0.453904755313,1.99949471374,0.227008768341,0.04623288143506666
1,1,2,500,7,0.453779128187,1.99956557361,0.226941384999,0.04764301128345111
2,1,2,500,7,0.451867231786,2.0,0.225933615893,0.04951817649092425
3,1,2,500,7,0.458365375602,1.99989089381,0.22919566997,0.0477764376554171
4,1,2,500,7,0.450592255819,1.99953020634,0.225349797274,0.046648693561499026
5,1,2,500,7,0.460547251716,1.99992025186,0.230283720308,0.0442116616131404
6,1,2,500,7,0.455670396668,2.0,0.227835198334,0.04634608908061734
7,1,2,500,7,0.454475705589,1.99990954033,0.227249178092,0.049398012807262984
8,1,2,500,7,0.446309299245,1.99969420528,0.223184260891,0.04832832061809588
9,1,2,500,7,0.450071139269,1.99963802607,0.225076838036,0.04801100577924267
0,1,2,500,8,0.504893826602,1.99828926947,0.252665366286,0.048816067300159374
1,1,2,500,8,0.51534695063,1.99636585674,0.258127716814,0.04726971119372941
2,1,2,500,8,0.517151979955,1.99714801119,0.258962530247,0.04738490628894053
3,1,2,500,8,0.513304116772,1.9987426438,0.256825067681,0.04662686241301184
4,1,2,500,8,0.504162023528,1.99739061933,0.252410415332,0.04808175628573728
5,1,2,500,8,0.511027448402,1.99837789401,0.255723405126,0.04521257776424547
6,1,2,500,8,0.504171863041,1.99785839856,0.252355947248,0.049658275097443076
7,1,2,500,8,0.510626447591,1.99776003216,0.25558111881,0.04739389429235415
8,1,2,500,8,0.500881761584,1.99713149477,0.2508190645,0.04722243662833668
9,1,2,500,8,0.514937266347,1.99791510391,0.257737592431,0.047940609428310854
0,1,2,500,9,0.560179626967,1.99313930526,0.281073327716,0.0463306687710395
1,1,2,500,9,0.565976776515,1.9904215899,0.284367489662,0.04634765657551863
2,1,2,500,9,0.552914537458,1.99125966513,0.277693816634,0.04870536634976239
3,1,2,500,9,0.552472681852,1.99174598007,0.277372299391,0.04490245616571529
4,1,2,500,9,0.566416964539,1.99055884927,0.284531314425,0.04426933182066433
5,1,2,500,9,0.555117938463,1.99268104376,0.27858484927,0.04814439692249249
6,1,2,500,9,0.557249403947,1.99208812146,0.279718558196,0.04723626157014612
7,1,2,500,9,0.568007895057,1.99263888775,0.285030999192,0.04366608451192756
8,1,2,500,9,0.554989332129,1.99216322864,0.278598854699,0.04633737770958821
9,1,2,500,9,0.562402246556,1.99258831275,0.282264813626,0.04343206484999556
0,1,2,500,10,0.604892889865,1.98336083044,0.305008647243,0.04591828947548684
1,1,2,500,10,0.618643250449,1.98155630632,0.312200404974,0.04389154590942445
2,1,2,500,10,0.605398208908,1.98250313391,0.305359491441,0.045224587264564194
3,1,2,500,10,0.598520226641,1.98234108095,0.301961485174,0.047109004038790675
4,1,2,500,10,0.600309055472,1.98131216405,0.303004787778,0.04578460565242461
5,1,2,500,10,0.603391827013,1.98202074134,0.304462381615,0.04347741659379372
6,1,2,500,10,0.601477823335,1.98272096018,0.303335094012,0.044723964439657496
7,1,2,500,10,0.601984929362,1.98262112014,0.303644076042,0.044880463091454395
8,1,2,500,10,0.605183426216,1.98180458789,0.305374105051,0.047993419515255396
9,1,2,500,10,0.609594944573,1.98373639577,0.307316689495,0.04891060888995609
0,1,2,500,20,0.84276267028,1.87522681484,0.449532243853,0.03720748599190485
1,1,2,500,20,0.84435947241,1.87734995761,0.449929976339,0.039665870701235124
2,1,2,500,20,0.835541508912,1.87395550747,0.445951088727,0.03754009119549096
3,1,2,500,20,0.833084137926,1.87877874211,0.443560226945,0.04034438431654234
4,1,2,500,20,0.838943272385,1.87218283342,0.448204876889,0.03954862979202713
5,1,2,500,20,0.841417843272,1.87635403153,0.448570661838,0.04191191266202377
6,1,2,500,20,0.835434024606,1.87268300755,0.446266482408,0.037934434586752545
7,1,2,500,20,0.838886166535,1.88341144317,0.44552841911,0.0370364354715959
8,1,2,500,20,0.841848727286,1.87612374383,0.448792487111,0.03688318613063682
9,1,2,500,20,0.841366613184,1.87747131358,0.448182763392,0.03626965705703412
0,1,2,500,30,0.93564902027,1.80919793619,0.517268218791,0.03608027181775455
1,1,2,500,30,0.945383560987,1.80777886958,0.523117370735,0.03549949638891808
2,1,2,500,30,0.945325511669,1.80575562512,0.523687876808,0.03583370718518576
3,1,2,500,30,0.941557676813,1.80354248501,0.522253253487,0.033907776456701386
4,1,2,500,30,0.947442606975,1.80456012388,0.52522116032,0.03537712958091569
5,1,2,500,30,0.950879626204,1.81503338746,0.524041131208,0.03138187351178757
6,1,2,500,30,0.946755780423,1.81004760138,0.52324317348,0.03446949038338463
7,1,2,500,30,0.946201289098,1.80902714846,0.523181207606,0.033804001295581775
8,1,2,500,30,0.941656370799,1.80818645428,0.520947655618,0.03949391638675386
9,1,2,500,30,0.940049016992,1.80710248923,0.520391951759,0.03555471985144625
0,1,2,500,40,1.00970163904,1.76494559576,0.572232492627,0.0304992663303118
1,1,2,500,40,1.00417038874,1.76439204034,0.56937559923,0.030891092107078525
2,1,2,500,40,1.01175686924,1.76425303771,0.573627761801,0.0305957141924572
3,1,2,500,40,1.01678823094,1.76477650037,0.576402463287,0.03042296224252569
4,1,2,500,40,1.01350025676,1.76220502883,0.575304069028,0.0321583177083121
5,1,2,500,40,1.0039914066,1.76369658438,0.569398468536,0.029750229270062586
6,1,2,500,40,1.00813764187,1.76256223848,0.572190059076,0.029835760234537503
7,1,2,500,40,1.01377306402,1.76375887619,0.574897662735,0.030207482564569905
8,1,2,500,40,1.0183512414,1.76433398998,0.577321194034,0.030006541405129334
9,1,2,500,40,1.00805565492,1.7655888648,0.57106520996,0.030659219969275748
0,1,2,500,50,1.0600510665,1.73144199312,0.612373131234,0.026820399760220052
1,1,2,500,50,1.05216099933,1.72926620008,0.608621447497,0.028255166081097443
2,1,2,500,50,1.05663201367,1.73287008499,0.609949558162,0.02785087812357889
3,1,2,500,50,1.05225107096,1.72830935895,0.608972352638,0.03003389177241836
4,1,2,500,50,1.05747640281,1.72995270765,0.611413593767,0.027876014494165005
5,1,2,500,50,1.05161429992,1.7275591711,0.608953510935,0.028739663090852446
6,1,2,500,50,1.05517936332,1.732799815,0.609169785518,0.028349174278347197
7,1,2,500,50,1.05426730765,1.73303961932,0.608514387585,0.029489411439509058
8,1,2,500,50,1.05533782161,1.72714968891,0.611178939292,0.027713383773612904
9,1,2,500,50,1.05173552546,1.73128486205,0.607709537532,0.03002421583146249
0,1,2,500,60,1.08953508674,1.70543407248,0.638982189213,0.02631256412645749
1,1,2,500,60,1.08357751717,1.70796394215,0.634632553671,0.0267342466291595
2,1,2,500,60,1.08691565868,1.70452704004,0.637826160939,0.02477453774493725
3,1,2,500,60,1.08540942365,1.70500058041,0.636774243051,0.026192806993033068
4,1,2,500,60,1.08448935919,1.70616920967,0.635811298038,0.02753838850815523
5,1,2,500,60,1.08356004323,1.70533871674,0.635532998272,0.026336637803688896
6,1,2,500,60,1.08433737985,1.70455168695,0.636358566129,0.02658427216133177
7,1,2,500,60,1.09131725991,1.70559264666,0.640007379715,0.025085332286974484
8,1,2,500,60,1.08840367849,1.70224864424,0.639548869055,0.026525501850936627
9,1,2,500,60,1.08321066745,1.70451976917,0.635683975439,0.027741276158226868
0,1,2,500,70,1.10826970043,1.68776542295,0.656880177041,0.027868251044986223
1,1,2,500,70,1.11528499037,1.69151916828,0.659510809798,0.023824112888317758
2,1,2,500,70,1.10810589056,1.68872673402,0.656384358623,0.026199693195632052
3,1,2,500,70,1.11137262391,1.68587324782,0.659414989614,0.027650122357528423
4,1,2,500,70,1.11306386525,1.68715627109,0.659919736984,0.02499489402902201
5,1,2,500,70,1.10499044106,1.68574057292,0.655677050578,0.026450602841056305
6,1,2,500,70,1.11017528694,1.6863611303,0.658468365852,0.02579316078999976
7,1,2,500,70,1.11214117266,1.6872022753,0.659294832215,0.02389936794977216
8,1,2,500,70,1.1095383997,1.68895633426,0.657141367535,0.02610574633599692
9,1,2,500,70,1.11153278106,1.68428832384,0.660110221742,0.0258617062945285
0,1,2,500,80,1.12866459296,1.66862769592,0.676615438064,0.02574852628815256
1,1,2,500,80,1.13544723455,1.67313016165,0.67880524968,0.021752739160543086
2,1,2,500,80,1.13224013574,1.66623932131,0.679676143818,0.022828195075459457
3,1,2,500,80,1.13189376063,1.67440618282,0.676202988327,0.0253439699512148
4,1,2,500,80,1.13075056757,1.67068999247,0.67700836954,0.025576614003394525
5,1,2,500,80,1.13104934918,1.67146335192,0.676855816479,0.02437194260562082
6,1,2,500,80,1.13029711594,1.67344678614,0.67558494835,0.023773352678724404
7,1,2,500,80,1.12871366092,1.6732997709,0.674708555225,0.024573298099585913
8,1,2,500,80,1.12610607997,1.67058215588,0.674295218003,0.025284545496679505
9,1,2,500,80,1.13263859786,1.67227628737,0.677474222656,0.022357184410030755
0,1,2,500,90,1.14801675073,1.65517344758,0.693726168146,0.022673775914071045
1,1,2,500,90,1.14851209369,1.65460075802,0.694293775456,0.022483599451573064
2,1,2,500,90,1.14796482895,1.65729400579,0.692805299065,0.02466933329500666
3,1,2,500,90,1.14601062262,1.65541657152,0.692415972679,0.023710925789214105
4,1,2,500,90,1.14972588055,1.65759761608,0.693761826452,0.022671486642774765
5,1,2,500,90,1.14850849275,1.65717755097,0.69323557796,0.022203160503407076
6,1,2,500,90,1.1458325364,1.65356204408,0.693097729119,0.023735157412694108
7,1,2,500,90,1.14920078915,1.65643444,0.693967794349,0.022942375815797705
8,1,2,500,90,1.14283810439,1.65608996468,0.690256391478,0.023711426783267032
9,1,2,500,90,1.14955115783,1.65599264034,0.694325082833,0.02283147358533996
0,1,2,500,100,1.15983111348,1.64736226418,0.704236353641,0.022952653386122936
1,1,2,500,100,1.1621160798,1.64739434635,0.705547680042,0.02348365756247986
2,1,2,500,100,1.16428171898,1.64831419686,0.706504365823,0.021640443083208637
3,1,2,500,100,1.16111978716,1.64387114897,0.706528545561,0.023291977136822288
4,1,2,500,100,1.15925480025,1.64284489215,0.705801544107,0.022768551393819222
5,1,2,500,100,1.15916029844,1.64719876624,0.703870115459,0.02267104831660027
6,1,2,500,100,1.16326105373,1.64537423096,0.707187926525,0.0215012913193907
7,1,2,500,100,1.16312681278,1.64241565444,0.708308178746,0.022151189318805768
8,1,2,500,100,1.16431508122,1.64852611579,0.7064886086,0.0233944013441637
9,1,2,500,100,1.16265065671,1.64640101764,0.706313196996,0.021299311253766537
0,2,2,500,1,0.0,2.0,0.0,0.0
1,2,2,500,1,0.0,2.0,0.0,0.0
2,2,2,500,1,0.0,2.0,0.0,0.0
3,2,2,500,1,0.0,2.0,0.0,0.0
4,2,2,500,1,0.0,2.0,0.0,0.0
5,2,2,500,1,0.0,2.0,0.0,0.0
6,2,2,500,1,0.0,2.0,0.0,0.0
7,2,2,500,1,0.0,2.0,0.0,0.0
8,2,2,500,1,0.0,2.0,0.0,0.0
9,2,2,500,1,0.0,2.0,0.0,0.0
0,2,2,500,2,0.00628098421367,1.99997406372,0.00314052515696,0.003218795105866725
1,2,2,500,2,0.00599336787852,1.99997563446,0.00299671602132,0.003153608519360181
2,2,2,500,2,0.00640609986285,1.99997861521,0.00320308138952,0.0034332998215709136
3,2,2,500,2,0.00604327364794,1.99998139289,0.00302166508592,0.0033405023084160618
4,2,2,500,2,0.00630117361411,1.99997626122,0.00315061962978,0.0030379560314249304
5,2,2,500,2,0.00631514740721,1.99998020048,0.00315760777806,0.0032679368429232966
6,2,2,500,2,0.00607869884556,1.99997574175,0.00303938638321,0.0031488566521968337
7,2,2,500,2,0.00653193508821,1.99997920066,0.00326600342354,0.003209013334993357
8,2,2,500,2,0.0063473569748,1.99998187463,0.00317370289323,0.003300623136524625
9,2,2,500,2,0.00634256906606,1.99998200198,0.00317131430577,0.00309766940786277
0,2,2,500,3,0.0793088459787,1.99803364326,0.0396925615638,0.020195977404021858
1,2,2,500,3,0.0800332048228,1.99818785666,0.04005305287,0.021598364351193874
2,2,2,500,3,0.0735078298091,1.99797717951,0.0367919629598,0.020405201790843798
3,2,2,500,3,0.0757834951684,1.99784779724,0.0379353313707,0.019862442831670917
4,2,2,500,3,0.0800835565983,1.99811048137,0.0400786057178,0.020784647271625725
5,2,2,500,3,0.0793617155659,1.99802531316,0.0397177086365,0.020812628318219402
6,2,2,500,3,0.0777427061204,1.9979904501,0.0389100536795,0.02188733980047349
7,2,2,500,3,0.0817237977581,1.99820950468,0.0408998914546,0.02158668212130244
8,2,2,500,3,0.0771002648991,1.99806313609,0.038588768037,0.020595205791026954
9,2,2,500,3,0.0796399153768,1.99821554855,0.0398585831011,0.02100862456862003
0,2,2,500,4,0.189347461747,1.98957804113,0.0951667334716,0.03466219838489817
1,2,2,500,4,0.187515486933,1.98908013904,0.0942657976538,0.034948551094539974
2,2,2,500,4,0.191606163788,1.98977412286,0.0962960614038,0.034393377536013875
3,2,2,500,4,0.191495673726,1.98971376293,0.0962362444744,0.03479176562125783
4,2,2,500,4,0.189045588518,1.99078016692,0.0949625483793,0.034286731150095465
5,2,2,500,4,0.193151927504,1.98953034102,0.0970838952096,0.03397999004374818
6,2,2,500,4,0.19099958092,1.99011672827,0.0959765974873,0.03351185857955765
7,2,2,500,4,0.190443990073,1.98987973213,0.0957071419892,0.03441420237166148
8,2,2,500,4,0.189102391262,1.98989573214,0.0950359261433,0.035192423661750113
9,2,2,500,4,0.18707198489,1.98919443736,0.0940330735203,0.03390291492107774
0,2,2,500,5,0.283506237349,1.97573359463,0.143508224672,0.04037145191667024
1,2,2,500,5,0.297011377769,1.97769453439,0.150194368429,0.04087662846805733
2,2,2,500,5,0.292274917911,1.9769541827,0.147846483654,0.03993596823152522
3,2,2,500,5,0.288430843931,1.97564351853,0.146011491115,0.04276964544050241
4,2,2,500,5,0.297392123626,1.97609238393,0.150501669508,0.04140960031561985
5,2,2,500,5,0.292044135332,1.97629651276,0.147763562359,0.04043368850851725
6,2,2,500,5,0.291183847721,1.9771792387,0.147253061811,0.04346982623589859
7,2,2,500,5,0.303231307353,1.97695021962,0.153395577483,0.037665159332977274
8,2,2,500,5,0.294699601651,1.97757975262,0.149022326578,0.03848457913650036
9,2,2,500,5,0.290327572651,1.97765696632,0.146818767352,0.04150722098829659
0,2,2,500,6,0.376500569198,1.96102943542,0.192022907902,0.042269836186755685
1,2,2,500,6,0.376171175999,1.96020470013,0.191927370417,0.045614949708994094
2,2,2,500,6,0.375781582414,1.96076397326,0.191676046852,0.047861225993500886
3,2,2,500,6,0.380495917558,1.96149332278,0.193996931695,0.042165569297367686
4,2,2,500,6,0.378728183913,1.96129270867,0.193076345717,0.0444930818061251
5,2,2,500,6,0.38695475892,1.9602035653,0.197406343754,0.04324993377672478
6,2,2,500,6,0.392705785583,1.96273253692,0.200096987015,0.04516119318272082
7,2,2,500,6,0.376817072131,1.96122887459,0.192130106275,0.047175906062495804
8,2,2,500,6,0.373584278496,1.96193066771,0.190436283847,0.044823503395755526
9,2,2,500,6,0.386364746499,1.95906091988,0.197221386279,0.04603883759093393
0,2,2,500,7,0.460303219279,1.94489200214,0.236741200144,0.04438229719620401
1,2,2,500,7,0.459424835024,1.94510850829,0.236212256958,0.043724653549626055
2,2,2,500,7,0.449078420028,1.94331795392,0.23110298373,0.04415217190959554
3,2,2,500,7,0.457061885093,1.94705568022,0.234789580044,0.04267425215028042
4,2,2,500,7,0.451606378175,1.94486529175,0.232238178926,0.045825865053159644
5,2,2,500,7,0.463783368082,1.9454830754,0.238431603429,0.04596162084635046
6,2,2,500,7,0.459019574399,1.94548642363,0.235981279822,0.04535481516262604
7,2,2,500,7,0.452018706161,1.9454778665,0.232365864647,0.0481642589748051
8,2,2,500,7,0.456200251664,1.94407125495,0.234695942806,0.047095460247012916
9,2,2,500,7,0.450556423475,1.9443027803,0.231782548334,0.0478443240423157
0,2,2,500,8,0.514309324175,1.92814281063,0.266799162743,0.04447401410352218
1,2,2,500,8,0.51870608707,1.92924752942,0.268859381838,0.04684166920291281
2,2,2,500,8,0.516499693587,1.9315372671,0.26742324671,0.04521949931351465
3,2,2,500,8,0.524245611628,1.9297814134,0.271653195969,0.04228481604587186
4,2,2,500,8,0.513191130167,1.92842151589,0.266196091091,0.04715904725255835
5,2,2,500,8,0.523722412185,1.92866116775,0.271554903575,0.0449545160132472
6,2,2,500,8,0.524184064732,1.92956628863,0.271662419545,0.04581252088095318
7,2,2,500,8,0.519107983519,1.92805716135,0.269210204091,0.049467398172764895
8,2,2,500,8,0.518207125873,1.93025419801,0.268503396049,0.04437964156502308
9,2,2,500,8,0.519274708883,1.92822971576,0.269397521268,0.04884004078998386
0,2,2,500,9,0.579322370059,1.91421280701,0.302728716531,0.04658486690066518
1,2,2,500,9,0.573792106063,1.91527669672,0.299641702336,0.04304330768796758
2,2,2,500,9,0.577282434904,1.9165383438,0.301242082727,0.04328580319058196
3,2,2,500,9,0.568677248633,1.91263427348,0.297360721779,0.04605927012204646
4,2,2,500,9,0.573984583443,1.91690260243,0.29944465853,0.04653186546047462
5,2,2,500,9,0.571143732844,1.91314782302,0.298567724568,0.04649881465100244
6,2,2,500,9,0.563360230244,1.91348873582,0.294499845394,0.04613306458041953
7,2,2,500,9,0.571606335226,1.91320691948,0.298784890571,0.04375545116240421
8,2,2,500,9,0.568302365985,1.91490575922,0.296812284785,0.04689034197074822
9,2,2,500,9,0.565608008964,1.91416402811,0.295532133659,0.04614129092024087
0,2,2,500,10,0.620273457764,1.9022743947,0.326116490837,0.04513728570883784
1,2,2,500,10,0.613413810188,1.89775803947,0.323310065176,0.04528697459625925
2,2,2,500,10,0.615879346453,1.90130072942,0.324010569545,0.045726946957823186
3,2,2,500,10,0.61550872814,1.90141435016,0.323763211818,0.04332610975865427
4,2,2,500,10,0.626794626023,1.90172526024,0.329683939661,0.0423796672314133
5,2,2,500,10,0.608733070556,1.90038607193,0.320374684243,0.04763697136389306
6,2,2,500,10,0.615051153165,1.90044418795,0.323614733091,0.04247209485917876
7,2,2,500,10,0.621056410982,1.90019667187,0.326934966126,0.04453249653265999
8,2,2,500,10,0.621423389271,1.89770586777,0.327512286135,0.04317804897783184
9,2,2,500,10,0.603252921207,1.90129325044,0.317294610202,0.046825343617061484
0,2,2,500,20,0.863112780451,1.80212936017,0.479104855609,0.040957601773345
1,2,2,500,20,0.863025092742,1.80287239752,0.478842400777,0.04136910838397329
2,2,2,500,20,0.867317757852,1.80233745762,0.481382018172,0.03798225126332484
3,2,2,500,20,0.865504948047,1.80303347313,0.480206517626,0.03876246343851132
4,2,2,500,20,0.860825254183,1.79944574354,0.478533146505,0.03883523749591069
5,2,2,500,20,0.862502799287,1.80213128991,0.478778656025,0.04078257907409614
6,2,2,500,20,0.869418624173,1.80085452061,0.482920015854,0.03598001762039181
7,2,2,500,20,0.871272662371,1.80284195675,0.483457281681,0.03697173017349916
8,2,2,500,20,0.866381452875,1.80281180731,0.480642469339,0.03785088818322577
9,2,2,500,20,0.862481608572,1.8021584789,0.478693579705,0.039585779528721415
0,2,2,500,30,0.977150845692,1.74547465087,0.559978405448,0.03408714956796188
1,2,2,500,30,0.972906063922,1.7461542067,0.557338810242,0.03626110214252993
2,2,2,500,30,0.976081371841,1.74304639183,0.560119696028,0.03312643321253098
3,2,2,500,30,0.969238982904,1.74561516505,0.555441884235,0.03437472133081862
4,2,2,500,30,0.971730516796,1.74588072622,0.556774456968,0.03408032629472333
5,2,2,500,30,0.976983580723,1.74738084511,0.559288819304,0.030627383051832168
6,2,2,500,30,0.973096350153,1.74391232608,0.558156080914,0.032464219583807435
7,2,2,500,30,0.979132904409,1.74445025316,0.561416143555,0.030891109147943747
8,2,2,500,30,0.975236976388,1.74670228728,0.558524548953,0.032804163561145065
9,2,2,500,30,0.975524406835,1.74469400312,0.55933398603,0.03520318792001632
0,2,2,500,40,1.03710751995,1.71084625245,0.606405557802,0.0301243292212752
1,2,2,500,40,1.03798905177,1.70666107049,0.60840373897,0.030227034281363026
2,2,2,500,40,1.0386200444,1.70777469375,0.608376861624,0.029008340828487654
3,2,2,500,40,1.0370215803,1.70815551035,0.607310076853,0.02977636057215112
4,2,2,500,40,1.0408358795,1.70860154485,0.609369172278,0.029848528348871355
5,2,2,500,40,1.03866315946,1.70937628456,0.607838765565,0.026903936187105303
6,2,2,500,40,1.04303632045,1.71323853648,0.608991556581,0.027563250799527126
7,2,2,500,40,1.03416584478,1.70865061928,0.605396702458,0.030185647023244538
8,2,2,500,40,1.03943097055,1.70953991956,0.608145162199,0.028979051771883382
9,2,2,500,40,1.03485224883,1.70672564278,0.606495832578,0.032506063638642266
0,2,2,500,50,1.08137125188,1.68282041133,0.642749544096,0.02694635014731395
1,2,2,500,50,1.0799165255,1.68135060745,0.642449661467,0.028083239449084814
2,2,2,500,50,1.08149213449,1.68207274983,0.643085446295,0.02683064697304959
3,2,2,500,50,1.08311703213,1.68408975478,0.643368863385,0.029326557303260135
4,2,2,500,50,1.07930649903,1.68146920165,0.642030906183,0.02865804653956023
5,2,2,500,50,1.08029806883,1.68183633726,0.642496764681,0.027611699955615115
6,2,2,500,50,1.08191648808,1.68039457298,0.64400649835,0.024619169340013514
7,2,2,500,50,1.08404407866,1.68218273751,0.644600101991,0.0254278853748605
8,2,2,500,50,1.08108161939,1.68428678819,0.642020250431,0.025840848070317377
9,2,2,500,50,1.07964224956,1.68276447853,0.641722728335,0.027030301299075153
0,2,2,500,60,1.1141823837,1.65955166486,0.671527167463,0.024751069908931618
1,2,2,500,60,1.10964434319,1.66167018098,0.667947888188,0.026600199917370504
2,2,2,500,60,1.11408174518,1.66328850124,0.669946334039,0.02431712201027255
3,2,2,500,60,1.1126834325,1.66174978072,0.669733838939,0.024922806898360884
4,2,2,500,60,1.10967621443,1.66260913656,0.667609451759,0.026038612147469196
5,2,2,500,60,1.11343147936,1.66010243427,0.670840149089,0.024019093443317173
6,2,2,500,60,1.11266383804,1.66105973497,0.670008722471,0.024473085482623936
7,2,2,500,60,1.11224437076,1.66381086566,0.668655616259,0.023814853260219072
8,2,2,500,60,1.11184667917,1.6631743121,0.668685170178,0.02420998030659589
9,2,2,500,60,1.10928212578,1.66003666655,0.668373576892,0.02635254311092055
0,2,2,500,70,1.1361530277,1.64640846874,0.690218780382,0.024383059973376957
1,2,2,500,70,1.13457309536,1.64458703949,0.690063665788,0.024242853534057033
2,2,2,500,70,1.13346332271,1.64634396993,0.688608091821,0.024508453275025432
3,2,2,500,70,1.13932817315,1.64647937822,0.692123918063,0.022840187373658522
4,2,2,500,70,1.13905605947,1.64492612603,0.692652805935,0.02506552357663456
5,2,2,500,70,1.13479958375,1.6465384242,0.689353011347,0.023015229186262295
6,2,2,500,70,1.13416796245,1.64613559565,0.689150329133,0.02547779507192196
7,2,2,500,70,1.1373808676,1.64439910575,0.691792317364,0.02149743506232628
8,2,2,500,70,1.13910996663,1.64842451211,0.691198635735,0.023339335361043496
9,2,2,500,70,1.1381563669,1.6466545249,0.691337367746,0.023973017621779863
0,2,2,500,80,1.15416705829,1.63063120255,0.707917172664,0.020867491538893862
1,2,2,500,80,1.15682769422,1.63382599866,0.708183307847,0.02336065864088841
2,2,2,500,80,1.15347040004,1.63322537565,0.706370920028,0.02066001395304621
3,2,2,500,80,1.1522590648,1.63259100218,0.705932517449,0.02254172451105853
4,2,2,500,80,1.15349084452,1.63307671851,0.70645882748,0.023544682077006523
5,2,2,500,80,1.15665351514,1.63109195694,0.709245760563,0.022073154424593268
6,2,2,500,80,1.15431705393,1.6315493597,0.707621195278,0.023481333551142677
7,2,2,500,80,1.15723067514,1.63052845055,0.709844518903,0.020701268583671554
8,2,2,500,80,1.15513984369,1.63410556829,0.707047247258,0.023915174795274458
9,2,2,500,80,1.15223017686,1.63110079858,0.706550942854,0.02376774575221993
0,2,2,500,90,1.17028114684,1.62069496903,0.722212430004,0.020764551077056877
1,2,2,500,90,1.16940152527,1.62254714123,0.720869558138,0.021499780396938954
2,2,2,500,90,1.17137090769,1.62250739815,0.722102101329,0.021152071466729285
3,2,2,500,90,1.17105672814,1.62080371323,0.722629303254,0.020893284936491136
4,2,2,500,90,1.17130841255,1.62173140086,0.722391664371,0.02059976289219776
5,2,2,500,90,1.17207641662,1.61886516531,0.724137457762,0.021802310734357833
6,2,2,500,90,1.1685260554,1.62151382721,0.720739117663,0.021706365854730784
7,2,2,500,90,1.17347338702,1.62231899842,0.723483436232,0.021056980398386247
8,2,2,500,90,1.1721268532,1.61976845888,0.723762473831,0.0203396897904606
9,2,2,500,90,1.16972909798,1.61920813067,0.722517234562,0.020930817689484377
0,2,2,500,100,1.18558451177,1.60999986154,0.736521149727,0.020301882084644035
1,2,2,500,100,1.18256404828,1.61153968023,0.733946681751,0.020970827988424656
2,2,2,500,100,1.18366785341,1.6133608349,0.73382568927,0.022143904618955008
3,2,2,500,100,1.18295641511,1.6102257775,0.734749528434,0.02111457353389149
4,2,2,500,100,1.18410585879,1.61198812408,0.734699284148,0.020560533114333552
5,2,2,500,100,1.18164695281,1.61222311417,0.733075072913,0.02094799019477551
6,2,2,500,100,1.18638230608,1.61061642805,0.736721979165,0.019494761066682326
7,2,2,500,100,1.18410103502,1.61132140116,0.734976841158,0.019774467406003745
8,2,2,500,100,1.18282390061,1.61126877256,0.734217278722,0.021281827961289596
9,2,2,500,100,1.18456845763,1.61281115769,0.734612779778,0.02090276827923381
0,inf,2,500,1,0.0,2.0,0.0,0.0
1,inf,2,500,1,0.0,2.0,0.0,0.0
2,inf,2,500,1,0.0,2.0,0.0,0.0
3,inf,2,500,1,0.0,2.0,0.0,0.0
4,inf,2,500,1,0.0,2.0,0.0,0.0
5,inf,2,500,1,0.0,2.0,0.0,0.0
6,inf,2,500,1,0.0,2.0,0.0,0.0
7,inf,2,500,1,0.0,2.0,0.0,0.0
8,inf,2,500,1,0.0,2.0,0.0,0.0
9,inf,2,500,1,0.0,2.0,0.0,0.0
0,inf,2,500,2,0.00769947316549,2.0,0.00384973658275,0.003895506713831774
1,inf,2,500,2,0.00798621167505,2.0,0.00399310583752,0.004422809744548514
2,inf,2,500,2,0.00857383998561,2.0,0.0042869199928,0.004595046535278311
3,inf,2,500,2,0.00795130349268,2.0,0.00397565174634,0.004342974933707318
4,inf,2,500,2,0.00794558988088,2.0,0.00397279494044,0.004474676853486025
5,inf,2,500,2,0.0082796834725,2.0,0.00413984173625,0.0045031248775715535
6,inf,2,500,2,0.00817709242447,2.0,0.00408854621223,0.0047346066540912245
7,inf,2,500,2,0.00739679460894,2.0,0.00369839730447,0.003788442123866673
8,inf,2,500,2,0.00854149106584,2.0,0.00427074553292,0.004093779955198085
9,inf,2,500,2,0.00775533045415,2.0,0.00387766522708,0.003594337369223077
0,inf,2,500,3,0.0928542292625,2.0,0.0464271146312,0.023642634407338454
1,inf,2,500,3,0.0900112766722,2.0,0.0450056383361,0.026511804804395044
2,inf,2,500,3,0.0923240319273,2.0,0.0461620159637,0.02549857876470764
3,inf,2,500,3,0.0925538806542,2.0,0.0462769403271,0.024164461324953836
4,inf,2,500,3,0.0935073404747,2.0,0.0467536702374,0.024578779684995288
5,inf,2,500,3,0.0922038373985,2.0,0.0461019186993,0.027232438691811123
6,inf,2,500,3,0.0926070537412,2.0,0.0463035268706,0.025430891797047397
7,inf,2,500,3,0.0935038671141,2.0,0.046751933557,0.026653453444283767
8,inf,2,500,3,0.0927425929041,2.0,0.0463712964521,0.025311675814460553
9,inf,2,500,3,0.0913542036565,2.0,0.0456771018283,0.025462788833286416
0,inf,2,500,4,0.204111569821,2.0,0.102055784911,0.03964065416363811
1,inf,2,500,4,0.217207583857,2.0,0.108603791929,0.04115623809979357
2,inf,2,500,4,0.210209371767,2.0,0.105104685884,0.041371067379014914
3,inf,2,500,4,0.211531355767,2.0,0.105765677883,0.03981337943507255
4,inf,2,500,4,0.208590340828,2.0,0.104295170414,0.04001218330903549
5,inf,2,500,4,0.210723720408,2.0,0.105361860204,0.04051812655850442
6,inf,2,500,4,0.206468976088,2.0,0.103234488044,0.04294971677454563
7,inf,2,500,4,0.2099947186,2.0,0.1049973593,0.03863615184788905
8,inf,2,500,4,0.208378012674,2.0,0.104189006337,0.038837686432537294
9,inf,2,500,4,0.20977802347,2.0,0.104889011735,0.03776607473744004
0,inf,2,500,5,0.324340072711,2.0,0.162170036355,0.046155197205807734
1,inf,2,500,5,0.304265711334,2.0,0.152132855667,0.0459253533537037
2,inf,2,500,5,0.306974658293,2.0,0.153487329147,0.04326641445286055
3,inf,2,500,5,0.310467380317,2.0,0.155233690158,0.04626260861571956
4,inf,2,500,5,0.312168493488,2.0,0.156084246744,0.047192552131121175
5,inf,2,500,5,0.304216663756,2.0,0.152108331878,0.046408217628916615
6,inf,2,500,5,0.308790878312,2.0,0.154395439156,0.04610924435529577
7,inf,2,500,5,0.302886334737,2.0,0.151443167369,0.04808957727658039
8,inf,2,500,5,0.316899388155,2.0,0.158449694077,0.04553465330737
9,inf,2,500,5,0.317418739722,2.0,0.158709369861,0.04427945109064219
0,inf,2,500,6,0.395829181098,2.0,0.197914590549,0.0474690810806684
1,inf,2,500,6,0.397033607561,2.0,0.19851680378,0.051539234094032466
2,inf,2,500,6,0.385582006981,2.0,0.19279100349,0.050309719133082756
3,inf,2,500,6,0.386553681206,2.0,0.193276840603,0.04957449125591836
4,inf,2,500,6,0.387902796322,2.0,0.193951398161,0.05098114667902277
5,inf,2,500,6,0.397858547419,2.0,0.19892927371,0.05069907904256293
6,inf,2,500,6,0.396294445889,2.0,0.198147222945,0.04882710368020391
7,inf,2,500,6,0.395146512334,2.0,0.197573256167,0.051063643715853924
8,inf,2,500,6,0.398592023593,2.0,0.199296011796,0.049963661434762
9,inf,2,500,6,0.383829460942,2.0,0.191914730471,0.047111606157581976
0,inf,2,500,7,0.460508868428,2.0,0.230254434214,0.04920395915464463
1,inf,2,500,7,0.451172808479,2.0,0.22558640424,0.05114706969823912
2,inf,2,500,7,0.45827443424,2.0,0.22913721712,0.049294538608657595
3,inf,2,500,7,0.461425252842,2.0,0.230712626421,0.04652327028168767
4,inf,2,500,7,0.451800812656,2.0,0.225900406328,0.05033647136281575
5,inf,2,500,7,0.460617321994,2.0,0.230308660997,0.04948148144522402
6,inf,2,500,7,0.459651552305,2.0,0.229825776153,0.05098572515324814
7,inf,2,500,7,0.46485798868,2.0,0.23242899434,0.05155471674194553
8,inf,2,500,7,0.459254924904,2.0,0.229627462452,0.04694236010432136
9,inf,2,500,7,0.456266458224,2.0,0.228133229112,0.0475758135628233
0,inf,2,500,8,0.505700549743,2.0,0.252850274871,0.046566231804772
1,inf,2,500,8,0.506985603952,2.0,0.253492801976,0.0471895409746786
2,inf,2,500,8,0.507657955238,2.0,0.253828977619,0.0497028673911706
3,inf,2,500,8,0.510156959749,2.0,0.255078479875,0.05007225484494836
4,inf,2,500,8,0.503854838491,2.0,0.251927419245,0.05078279014072355
5,inf,2,500,8,0.508443032749,2.0,0.254221516375,0.050866532214770464
6,inf,2,500,8,0.509002749737,2.0,0.254501374869,0.048164689078364575
7,inf,2,500,8,0.518869112159,2.0,0.25943455608,0.04819132498318939
8,inf,2,500,8,0.525438984579,2.0,0.262719492289,0.04854220544099467
9,inf,2,500,8,0.505611905552,2.0,0.252805952776,0.052695301915381944
0,inf,2,500,9,0.557109220221,2.0,0.278554610111,0.04853223745944193
1,inf,2,500,9,0.553259141835,2.0,0.276629570918,0.04836416976446967
2,inf,2,500,9,0.552903907948,2.0,0.276451953974,0.050835056069839554
3,inf,2,500,9,0.557121636455,2.0,0.278560818228,0.04821363263614435
4,inf,2,500,9,0.555668261452,2.0,0.277834130726,0.04651768526929607
5,inf,2,500,9,0.556021131943,2.0,0.278010565972,0.050373603097940436
6,inf,2,500,9,0.557409676183,2.0,0.278704838091,0.04885945647433241
7,inf,2,500,9,0.545233113009,2.0,0.272616556504,0.048446225774196924
8,inf,2,500,9,0.547457431415,2.0,0.273728715707,0.05235147343890663
9,inf,2,500,9,0.558379363677,2.0,0.279189681839,0.05115731554128326
0,inf,2,500,10,0.584295304214,2.0,0.292147652107,0.04485642068556629
1,inf,2,500,10,0.592089824955,2.0,0.296044912478,0.047047727515026866
2,inf,2,500,10,0.579416011828,2.0,0.289708005914,0.04832515828647271
3,inf,2,500,10,0.586184447874,2.0,0.293092223937,0.051091599187033196
4,inf,2,500,10,0.585163611262,2.0,0.292581805631,0.04814543997825874
5,inf,2,500,10,0.580877534903,2.0,0.290438767451,0.048922230839873904
6,inf,2,500,10,0.584200082915,2.0,0.292100041458,0.05025952296992919
7,inf,2,500,10,0.589335554393,2.0,0.294667777197,0.04935182297802344
8,inf,2,500,10,0.571470417645,2.0,0.285735208823,0.04648436704967025
9,inf,2,500,10,0.583591969376,2.0,0.291795984688,0.046860681127905646
0,inf,2,500,20,0.777474287582,2.0,0.388737143791,0.041660145351086184
1,inf,2,500,20,0.768365639302,2.0,0.384182819651,0.04195198005165262
2,inf,2,500,20,0.756818268367,2.0,0.378409134184,0.04395722908327133
3,inf,2,500,20,0.760403079187,2.0,0.380201539594,0.04497953635929774
4,inf,2,500,20,0.753904457373,2.0,0.376952228686,0.04269385460381732
5,inf,2,500,20,0.757901260428,2.0,0.378950630214,0.0421892848740189
6,inf,2,500,20,0.754118067503,2.0,0.377059033752,0.04253908065773041
7,inf,2,500,20,0.757642876317,2.0,0.378821438158,0.043072444493465735
8,inf,2,500,20,0.765235064978,2.0,0.382617532489,0.042793763889286074
9,inf,2,500,20,0.760644797601,2.0,0.380322398801,0.04437165462765767
0,inf,2,500,30,0.834636713764,2.0,0.417318356882,0.03954126621843386
1,inf,2,500,30,0.829870958702,2.0,0.414935479351,0.039274390052865205
2,inf,2,500,30,0.834646271825,2.0,0.417323135912,0.04019972022856693
3,inf,2,500,30,0.834616100509,2.0,0.417308050255,0.039271798048753005
4,inf,2,500,30,0.824418533537,2.0,0.412209266768,0.04028577487501989
5,inf,2,500,30,0.829806494786,2.0,0.414903247393,0.04002373421847022
6,inf,2,500,30,0.831869084822,2.0,0.415934542411,0.03916939736728947
7,inf,2,500,30,0.831411379039,2.0,0.415705689519,0.04179595763971633
8,inf,2,500,30,0.840388837998,2.0,0.420194418999,0.04207214042379483
9,inf,2,500,30,0.82413124748,2.0,0.41206562374,0.041185229188971655
0,inf,2,500,40,0.875338095536,2.0,0.437669047768,0.03547623804950961
1,inf,2,500,40,0.872116510291,1.99993157817,0.436073243241,0.042005977612843616
2,inf,2,500,40,0.865675843479,2.0,0.432837921739,0.03810726020804838
3,inf,2,500,40,0.871721274641,1.99990009348,0.435883687227,0.03990490424841276
4,inf,2,500,40,0.87050181743,1.99949832462,0.435362949149,0.03656177028015465
5,inf,2,500,40,0.86937128601,2.0,0.434685643005,0.03801740469227737
6,inf,2,500,40,0.870149089605,2.0,0.435074544803,0.038625207184928206
7,inf,2,500,40,0.863819538884,2.0,0.431909769442,0.037794075827188064
8,inf,2,500,40,0.8729092865,2.0,0.43645464325,0.038149092992352696
9,inf,2,500,40,0.870445436767,2.0,0.435222718384,0.03592069563070717
0,inf,2,500,50,0.898424780212,2.0,0.449212390106,0.03798799290836087
1,inf,2,500,50,0.902122936321,2.0,0.45106146816,0.03778299628342315
2,inf,2,500,50,0.89617289927,1.99983073114,0.448121627856,0.03824173266415001
3,inf,2,500,50,0.911646494373,2.0,0.455823247186,0.036656769056929876
4,inf,2,500,50,0.893375689959,2.0,0.44668784498,0.037820470390381354
5,inf,2,500,50,0.908548981414,2.0,0.454274490707,0.03532610421085923
6,inf,2,500,50,0.901195041581,2.0,0.45059752079,0.03438893509036697
7,inf,2,500,50,0.900076273719,1.99972807969,0.450100993322,0.03903325588880881
8,inf,2,500,50,0.897455077163,1.99989130305,0.448751503816,0.03756868428486206
9,inf,2,500,50,0.891184121414,1.99965269568,0.445669456668,0.03803346418180628
0,inf,2,500,60,0.912099755567,1.99975745919,0.456103670471,0.034530816522488315
1,inf,2,500,60,0.927702949717,1.99942868493,0.463986132989,0.03738581840674432
2,inf,2,500,60,0.91601401106,1.99981631205,0.458053007643,0.036485856512123896
3,inf,2,500,60,0.910742695015,1.99971259764,0.455435954564,0.03594647331158014
4,inf,2,500,60,0.912304039304,1.99960363479,0.456242381158,0.037996895410685905
5,inf,2,500,60,0.907251679189,1.99972780172,0.45369315242,0.03775166910053586
6,inf,2,500,60,0.920038400861,1.99954859152,0.460124350528,0.03657823788404113
7,inf,2,500,60,0.919250891157,2.0,0.459625445578,0.03565837982787032
8,inf,2,500,60,0.923770831963,1.99896699218,0.462125588299,0.035882214087202005
9,inf,2,500,60,0.924601737432,1.99997725663,0.462306077202,0.035957604883839575
0,inf,2,500,70,0.944473982128,1.99937478503,0.472381698987,0.03653649667315433
1,inf,2,500,70,0.930868941395,1.99976936265,0.465487914984,0.03565652897640789
2,inf,2,500,70,0.929476393083,1.9994320804,0.464873047995,0.03534889041370551
3,inf,2,500,70,0.936203913333,1.99926352707,0.468275323704,0.03495652317825482
4,inf,2,500,70,0.929922252882,1.99925726468,0.465135243315,0.03665626624060169
5,inf,2,500,70,0.944418343441,1.9989909344,0.472449648662,0.035289524391647356
6,inf,2,500,70,0.931686563655,1.99980470846,0.465886778909,0.034429826537856145
7,inf,2,500,70,0.942541623099,1.99957969926,0.471375329386,0.03398433350936354
8,inf,2,500,70,0.937894988681,1.99927196369,0.469111898788,0.03374304221900232
9,inf,2,500,70,0.941486245065,1.9996797446,0.470817356906,0.03384040858685852
0,inf,2,500,80,0.946366245181,1.99716208744,0.473868635154,0.03406553867982201
1,inf,2,500,80,0.945709672231,1.99843777632,0.47323228873,0.03498088784447902
2,inf,2,500,80,0.94943734657,1.99864928071,0.475047106462,0.034976302997738414
3,inf,2,500,80,0.947330845084,1.99829895271,0.474075529363,0.03567686008307058
4,inf,2,500,80,0.945707448195,1.99900674895,0.473098150044,0.035124255026316734
5,inf,2,500,80,0.95060568949,1.99878861262,0.475602881234,0.033454636380924975
6,inf,2,500,80,0.954742467918,1.99864235665,0.477704424706,0.03333313385846076
7,inf,2,500,80,0.943792474132,1.99876617936,0.472202369902,0.034067263556919754
8,inf,2,500,80,0.947705352194,1.99661432772,0.474653514903,0.03201643471686384
9,inf,2,500,80,0.950749174604,1.9985983358,0.475713762098,0.03376453296658799
0,inf,2,500,90,0.956987285572,1.99689539548,0.47922769741,0.034355142073226604
1,inf,2,500,90,0.959115024819,1.99880111758,0.479847177134,0.035363081378755254
2,inf,2,500,90,0.952419634022,1.99802869015,0.476689973639,0.03601797322225142
3,inf,2,500,90,0.95326172067,1.99736647701,0.477277472053,0.03570150710128115
4,inf,2,500,90,0.946203802659,1.99844302314,0.473464025699,0.034537443116182225
5,inf,2,500,90,0.960337632049,1.99900623719,0.480407772504,0.03403389877648831
6,inf,2,500,90,0.954198139022,1.99827844152,0.47751673234,0.0337599260247831
7,inf,2,500,90,0.953477654598,1.99835045777,0.47713970156,0.03578509506516996
8,inf,2,500,90,0.946734145828,1.99840668093,0.473747668408,0.035694856416281416
9,inf,2,500,90,0.949894121785,1.99632790677,0.475820675749,0.035821514302844366
0,inf,2,500,100,0.964382038091,1.99616649366,0.483119500059,0.03450452559686187
1,inf,2,500,100,0.964147165802,1.99714504071,0.482772318063,0.03473818337101434
2,inf,2,500,100,0.964861453886,1.99755645518,0.483025922605,0.033497438706355034
3,inf,2,500,100,0.963880186792,1.9971215123,0.482655376527,0.03317585505036105
4,inf,2,500,100,0.967899882731,1.9987867052,0.484237451259,0.03383684392715132
5,inf,2,500,100,0.957490401828,1.99679033344,0.479539450834,0.036556462685071664
6,inf,2,500,100,0.959994389926,1.99861193291,0.480328581063,0.037131838555000615
7,inf,2,500,100,0.956115739801,1.99738710699,0.478680672811,0.03321269407955334
8,inf,2,500,100,0.959576620918,1.99757022511,0.480403532879,0.034801386060870035
9,inf,2,500,100,0.969067601372,1.99692774632,0.485293596612,0.03418581360620951
